bounding_rect.y_diff,bounding_rect.width_diff,bounding_rect.height_diff,rotated_rect.rotated_angle_left,rotated_rect.rotated_angle_right,rotated_rect.rotated_angle_diff,contour_feature.ratio_small,contour_feature.ratio_large
-3.1079204,0.12459118,-3.5222878,0.46821582,-0.6359011,-1.5666273,-0.014870302,1.2205191,-0.1129942,-0.39557984,0.037189063,-0.3521006,0.19548523,-0.33157218,0.13460413,-0.7852712,-1.2862562,-0.87448007,2.7312486,0.3448674,3.2510786,-0.77937067,1.0653629,1.5904335,0.7040443,0.20748834,0.7145156
