bounding_rect.y_diff,bounding_rect.width_diff,bounding_rect.height_diff,rotated_rect.rotated_angle_left,rotated_rect.rotated_angle_right,rotated_rect.rotated_angle_diff,contour_feature.ratio_small,contour_feature.ratio_large
-3.8177445,-0.02176695,-3.2035787,0.58391964,-0.33696297,-0.7591589,-0.0027606774,0.98401684,0.9484755,-0.30268508,0.32095847,-0.14485204,0.17980526,-0.166533,-0.3939697,-0.9532463,-1.4947007,-0.42667148,4.34095,0.28250566,3.7805967,-0.008665793,0.6197166,1.0087377,0.9249331,0.5606962,-0.23867892
