bounding_rect.y_diff,bounding_rect.width_diff,bounding_rect.height_diff,rotated_rect.rotated_angle_left,rotated_rect.rotated_angle_right,rotated_rect.rotated_angle_diff,contour_feature.ratio_small,contour_feature.ratio_large
-2.687857,-0.24631096,-1.9802896,0.21526054,-0.8764952,-0.821858,-0.2597382,0.78861904,0.8288244
0.05813158,-0.36801386,0.23775451,-0.18710616,-0.028472595,0.088110335,-0.9836464,-1.4044172,-0.68530065
2.528367,0.4171138,2.0445127,0.0922493,0.44250178,1.0652432,0.7190096,0.3838067,-0.21134791
